model,method,accuracy,sensitivity,specificity,f1
node2vec+RandomForest,pearson,0.643,0.643,0.643,0.643
node2vec+MLP,pearson,0.536,0.5,0.571,0.519
node2vec+LogisticReg,pearson,0.464,0.357,0.571,0.4
GCN,pearson,0.5,0.0,1.0,0.0
node2vec+RandomForest,spearman,0.5,0.643,0.357,0.562
node2vec+MLP,spearman,0.821,0.786,0.857,0.815
node2vec+LogisticReg,spearman,0.464,0.5,0.429,0.483
GCN,spearman,0.5,0.0,1.0,0.0
node2vec+RandomForest,kendall,0.429,0.5,0.357,0.467
node2vec+MLP,kendall,0.5,0.571,0.429,0.533
node2vec+LogisticReg,kendall,0.321,0.286,0.357,0.296
GCN,kendall,0.5,0.0,1.0,0.0
